attributes,values,game_size,vocab_size_factor,n_epochs,batch_size,learning_rate,hidden_size,temp_update,temperature,train_loss,train_accuracy,test_loss,test_accuracy
3,4,10,3.0,60.0,32,0.0005,128,0.97,1.0,0.2352907955646515,0.8992708325386047,0.2720322012901306,0.8879194855690002
3,4,10,3.0,60.0,32,0.0005,128,0.99,1.0,0.129705011844635,0.9517778158187866,0.22740456461906433,0.9314748644828796
3,4,10,3.0,60.0,32,0.0005,128,0.97,1.5,0.09722800552845001,0.9659871459007263,0.16100379824638367,0.9546979069709778
3,4,10,3.0,60.0,32,0.0005,128,0.99,1.5,0.1504734307527542,0.9412624835968018,0.24446254968643188,0.9120141267776489
3,4,10,3.0,60.0,32,0.0005,128,0.97,2.0,0.09088324755430222,0.9592770934104919,0.11532340198755264,0.9501689076423645
3,4,10,3.0,60.0,32,0.0005,128,0.99,2.0,0.18756774067878723,0.9251998662948608,0.23030397295951843,0.9114840626716614
3,4,10,3.0,60.0,32,0.0005,256,0.97,1.0,0.17337051033973694,0.9317878484725952,0.2132536917924881,0.9245582818984985
3,4,10,3.0,60.0,32,0.0005,256,0.99,1.0,0.15301015973091125,0.9430345296859741,0.17160677909851074,0.9430122375488281
3,4,10,3.0,60.0,32,0.0005,256,0.97,1.5,0.0716564729809761,0.9720558524131775,0.14731526374816895,0.9562202095985413
3,4,10,3.0,60.0,32,0.0005,256,0.99,1.5,0.013627678155899048,0.9961439967155457,0.0879329964518547,0.9819257855415344
3,4,10,3.0,60.0,32,0.0005,256,0.97,2.0,0.07329646497964859,0.9725955128669739,0.13793331384658813,0.9584531784057617
3,4,10,3.0,60.0,32,0.0005,256,0.99,2.0,0.019186999648809433,0.9938403367996216,0.05778335779905319,0.9864768981933594
3,4,10,3.0,60.0,32,0.001,128,0.97,1.0,0.1264934241771698,0.9493999481201172,0.1484047919511795,0.9455515146255493
3,4,10,3.0,60.0,32,0.001,128,0.99,1.0,0.046976760029792786,0.9807416200637817,0.04250486195087433,0.9855871200561523
3,4,10,3.0,60.0,32,0.001,128,0.97,1.5,0.09803088754415512,0.9631211757659912,0.15698404610157013,0.9481824040412903
3,4,10,3.0,60.0,32,0.001,128,0.99,1.5,0.01869562827050686,0.9950692057609558,0.025826286524534225,0.9907986521720886
3,4,10,3.0,60.0,32,0.001,128,0.97,2.0,0.08934396505355835,0.968146800994873,0.14865656197071075,0.953321635723114
3,4,10,3.0,60.0,32,0.001,128,0.99,2.0,0.03759656101465225,0.9891514778137207,0.10656306892633438,0.9704861044883728
3,4,10,3.0,60.0,32,0.001,256,0.97,1.0,0.6809058785438538,0.5411391854286194,0.6834346652030945,0.5412370562553406
3,4,10,3.0,60.0,32,0.001,256,0.99,1.0,0.24015752971172333,0.9000303149223328,0.21313463151454926,0.9133859872817993
3,4,10,3.0,60.0,32,0.001,256,0.97,1.5,0.10120583325624466,0.9625534415245056,0.11881058663129807,0.9493139982223511
3,4,10,3.0,60.0,32,0.001,256,0.99,1.5,0.06307178735733032,0.9761000871658325,0.09262299537658691,0.9692056179046631
3,4,10,3.0,60.0,32,0.001,256,0.97,2.0,0.07026489824056625,0.9759407639503479,0.10868656635284424,0.9617748260498047
3,4,10,3.0,60.0,32,0.001,256,0.99,2.0,0.02860540710389614,0.9903734922409058,0.14062099158763885,0.9706187844276428
3,4,10,3.0,60.0,64,0.0005,128,0.97,1.0,0.1780989021062851,0.9258667230606079,0.202926903963089,0.9089161157608032
3,4,10,3.0,60.0,64,0.0005,128,0.99,1.0,0.14272351562976837,0.9487303495407104,0.15323419868946075,0.9496466517448425
3,4,10,3.0,60.0,64,0.0005,128,0.97,1.5,0.15455791354179382,0.9432696104049683,0.18069863319396973,0.9315183758735657
3,4,10,3.0,60.0,64,0.0005,128,0.99,1.5,0.1134410873055458,0.95926433801651,0.15832877159118652,0.9438163042068481
3,4,10,3.0,60.0,64,0.0005,128,0.97,2.0,0.18673492968082428,0.93479984998703,0.22227223217487335,0.9277777075767517
3,4,10,3.0,60.0,64,0.0005,128,0.99,2.0,0.13607223331928253,0.9510928988456726,0.2579341232776642,0.9090909361839294
3,4,10,3.0,60.0,64,0.0005,256,0.97,1.0,0.11838183552026749,0.9548669457435608,0.21333833038806915,0.9268218874931335
3,4,10,3.0,60.0,64,0.0005,256,0.99,1.0,0.09897003322839737,0.963202714920044,0.15959568321704865,0.9461805820465088
3,4,10,3.0,60.0,64,0.0005,256,0.97,1.5,0.041470881551504135,0.9868407845497131,0.07150726020336151,0.9808940291404724
3,4,10,3.0,60.0,64,0.0005,256,0.99,1.5,0.07903710752725601,0.9737083315849304,0.17783619463443756,0.948601484298706
3,4,10,3.0,60.0,64,0.0005,256,0.97,2.0,0.06842540204524994,0.9770299196243286,0.1885579526424408,0.9512152075767517
3,4,10,3.0,60.0,64,0.0005,256,0.99,2.0,0.07199905812740326,0.9720883965492249,0.13847611844539642,0.9558234810829163
3,4,10,3.0,60.0,64,0.001,128,0.97,1.0,0.1039767786860466,0.9596349000930786,0.1923384815454483,0.9418089389801025
3,4,10,3.0,60.0,64,0.001,128,0.99,1.0,0.2171759456396103,0.9111530184745789,0.26488858461380005,0.8929347991943359
3,4,10,3.0,60.0,64,0.001,128,0.97,1.5,0.20536810159683228,0.9224820137023926,0.24145448207855225,0.9113636016845703
3,4,10,3.0,60.0,64,0.001,128,0.99,1.5,0.0721384808421135,0.9761578440666199,0.1473550647497177,0.9574652910232544
3,4,10,3.0,60.0,64,0.001,128,0.97,2.0,0.14301586151123047,0.9461137652397156,0.1941564530134201,0.9260416030883789
3,4,10,3.0,60.0,64,0.001,128,0.99,2.0,0.04724220559000969,0.9850216507911682,0.1013401672244072,0.9609375
3,4,10,3.0,60.0,64,0.001,256,0.97,1.0,0.2915188670158386,0.8696959614753723,0.30408975481987,0.8714004755020142
3,4,10,3.0,60.0,64,0.001,256,0.99,1.0,0.14235442876815796,0.943671464920044,0.19040681421756744,0.9257678985595703
3,4,10,3.0,60.0,64,0.001,256,0.97,1.5,0.10682719200849533,0.9639291763305664,0.16985738277435303,0.9517669081687927
3,4,10,3.0,60.0,64,0.001,256,0.99,1.5,0.07438936829566956,0.9744194746017456,0.16955116391181946,0.941493034362793
3,4,10,3.0,60.0,64,0.001,256,0.97,2.0,0.09572698920965195,0.9614715576171875,0.16566063463687897,0.9467393159866333
3,4,10,3.0,60.0,64,0.001,256,0.99,2.0,0.021174903959035873,0.9926313161849976,0.06711827963590622,0.9763888120651245
3,4,10,3.0,60.0,128,0.0005,128,0.97,1.0,0.21552260220050812,0.9165096879005432,0.23335832357406616,0.9060136079788208
3,4,10,3.0,60.0,128,0.0005,128,0.99,1.0,0.22770561277866364,0.9102666974067688,0.23606285452842712,0.9000000357627869
3,4,10,3.0,60.0,128,0.0005,128,0.97,1.5,0.2638964056968689,0.8910439610481262,0.31405550241470337,0.8771582841873169
3,4,10,3.0,60.0,128,0.0005,128,0.99,1.5,0.19933369755744934,0.9251967668533325,0.23178982734680176,0.9259716868400574
3,4,10,3.0,60.0,128,0.0005,128,0.97,2.0,0.2871013283729553,0.8732596635818481,0.2827188968658447,0.8656250834465027
3,4,10,3.0,60.0,128,0.0005,128,0.99,2.0,0.1673033982515335,0.9373362064361572,0.1986888349056244,0.9182291030883789
3,4,10,3.0,60.0,128,0.0005,256,0.97,1.0,0.15949523448944092,0.9383959174156189,0.175202414393425,0.928597092628479
3,4,10,3.0,60.0,128,0.0005,256,0.99,1.0,0.14609327912330627,0.9348862767219543,0.17862862348556519,0.9309188723564148
3,4,10,3.0,60.0,128,0.0005,256,0.97,1.5,0.11822693049907684,0.9551018476486206,0.15872758626937866,0.9402778148651123
3,4,10,3.0,60.0,128,0.0005,256,0.99,1.5,0.05434221029281616,0.980544924736023,0.11089249700307846,0.9671875834465027
3,4,10,3.0,60.0,128,0.0005,256,0.97,2.0,0.06961949914693832,0.9764502644538879,0.08267095685005188,0.9708333611488342
3,4,10,3.0,60.0,128,0.0005,256,0.99,2.0,0.0473836250603199,0.983713686466217,0.13260391354560852,0.9590896964073181
3,4,10,3.0,60.0,128,0.001,128,0.97,1.0,0.13261042535305023,0.9533368349075317,0.20375578105449677,0.939323902130127
3,4,10,3.0,60.0,128,0.001,128,0.99,1.0,0.1684059500694275,0.9393954873085022,0.18369393050670624,0.9300340414047241
3,4,10,3.0,60.0,128,0.001,128,0.97,1.5,0.15093299746513367,0.9494426846504211,0.1503182053565979,0.9395017623901367
3,4,10,3.0,60.0,128,0.001,128,0.99,1.5,0.0855436846613884,0.9673009514808655,0.11450111865997314,0.9595323801040649
3,4,10,3.0,60.0,128,0.001,128,0.97,2.0,0.20306436717510223,0.9183579087257385,0.21337324380874634,0.9182592630386353
3,4,10,3.0,60.0,128,0.001,128,0.99,2.0,0.10628314316272736,0.9616061449050903,0.1871984452009201,0.9238831996917725
3,4,10,3.0,60.0,128,0.001,256,0.97,1.0,0.27355360984802246,0.8840569257736206,0.2846444547176361,0.8796864748001099
3,4,10,3.0,60.0,128,0.001,256,0.99,1.0,0.6839468479156494,0.5474683046340942,0.6937615871429443,0.5329897403717041
3,4,10,3.0,60.0,128,0.001,256,0.97,1.5,0.16294220089912415,0.9352729320526123,0.1751200556755066,0.9230216145515442
3,4,10,3.0,60.0,128,0.001,256,0.99,1.5,0.1768103539943695,0.9320571422576904,0.23932114243507385,0.9103040099143982
3,4,10,3.0,60.0,128,0.001,256,0.97,2.0,0.15429067611694336,0.9426685571670532,0.233185812830925,0.9354532957077026
3,4,10,3.0,60.0,128,0.001,256,0.99,2.0,0.01202929113060236,0.998037576675415,0.07086681574583054,0.9786689281463623
3,16,10,3.0,60.0,32,0.0005,128,0.97,1.0,0.14359262585639954,0.9426263570785522,0.16227561235427856,0.9421874284744263
3,16,10,3.0,60.0,32,0.0005,128,0.99,1.0,0.12638404965400696,0.9519469141960144,0.22337694466114044,0.9215548634529114
3,16,10,3.0,60.0,32,0.0005,128,0.97,1.5,0.10134461522102356,0.9632903337478638,0.12334690988063812,0.9527971744537354
3,16,10,3.0,60.0,32,0.0005,128,0.99,1.5,0.13185158371925354,0.953330934047699,0.23618237674236298,0.9292097091674805
3,16,10,3.0,60.0,32,0.0005,128,0.97,2.0,0.12874838709831238,0.9506490230560303,0.15403659641742706,0.9491166472434998
3,16,10,3.0,60.0,32,0.0005,128,0.99,2.0,0.11257611215114594,0.9566649794578552,0.21323756873607635,0.9228417873382568
3,16,10,3.0,60.0,32,0.0005,256,0.97,1.0,0.1609167754650116,0.936125636100769,0.20732517540454865,0.9233214855194092
3,16,10,3.0,60.0,32,0.0005,256,0.99,1.0,0.04196644574403763,0.9912465214729309,0.08454180508852005,0.9804844260215759
3,16,10,3.0,60.0,32,0.0005,256,0.97,1.5,0.11007846146821976,0.9605518579483032,0.1299370974302292,0.9644875526428223
3,16,10,3.0,60.0,32,0.0005,256,0.99,1.5,0.07719335705041885,0.9697862267494202,0.14700770378112793,0.9493007063865662
3,16,10,3.0,60.0,32,0.0005,256,0.97,2.0,0.09020821005105972,0.9657565355300903,0.16239450871944427,0.9321438670158386
3,16,10,3.0,60.0,32,0.0005,256,0.99,2.0,0.03884703665971756,0.9885164499282837,0.1083998829126358,0.9774323105812073
3,16,10,3.0,60.0,32,0.001,128,0.97,1.0,0.2908470630645752,0.8681778311729431,0.32291707396507263,0.858762800693512
3,16,10,3.0,60.0,32,0.001,128,0.99,1.0,0.06894557178020477,0.9770817756652832,0.14016534388065338,0.963541567325592
3,16,10,3.0,60.0,32,0.001,128,0.97,1.5,0.2047654688358307,0.9077468514442444,0.22843077778816223,0.9124556183815002
3,16,10,3.0,60.0,32,0.001,128,0.99,1.5,0.02489316463470459,0.99443519115448,0.05669580027461052,0.984123945236206
3,16,10,3.0,60.0,32,0.001,128,0.97,2.0,0.07354659587144852,0.9718416929244995,0.16082729399204254,0.9561837911605835
3,16,10,3.0,60.0,32,0.001,128,0.99,2.0,0.03161558881402016,0.9905999898910522,0.07264013588428497,0.9806272983551025
3,16,10,3.0,60.0,32,0.001,256,0.97,1.0,0.6898217797279358,0.5246584415435791,0.6942005157470703,0.5023890733718872
3,16,10,3.0,60.0,32,0.001,256,0.99,1.0,0.6836064457893372,0.5473653674125671,0.6825729012489319,0.5386363863945007
3,16,10,3.0,60.0,32,0.001,256,0.97,1.5,0.13435077667236328,0.9466043710708618,0.21311047673225403,0.9273195862770081
3,16,10,3.0,60.0,32,0.001,256,0.99,1.5,0.01281148660928011,0.9948115944862366,0.03555494174361229,0.9909555315971375
3,16,10,3.0,60.0,32,0.001,256,0.97,2.0,0.13736386597156525,0.9485361576080322,0.15159381926059723,0.9465035200119019
3,16,10,3.0,60.0,32,0.001,256,0.99,2.0,0.00498726312071085,0.9986857175827026,0.0787619948387146,0.9890784621238708
3,16,10,3.0,60.0,64,0.0005,128,0.97,1.0,0.1973831057548523,0.9247855544090271,0.23636649549007416,0.9265122413635254
3,16,10,3.0,60.0,64,0.0005,128,0.99,1.0,0.2023141235113144,0.9208338260650635,0.21032337844371796,0.9180155396461487
3,16,10,3.0,60.0,64,0.0005,128,0.97,1.5,0.18595407903194427,0.9302706122398376,0.20999594032764435,0.921330988407135
3,16,10,3.0,60.0,64,0.0005,128,0.99,1.5,0.12964986264705658,0.9553617835044861,0.172005757689476,0.9407094120979309
3,16,10,3.0,60.0,64,0.0005,128,0.97,2.0,0.08409514278173447,0.9718625545501709,0.09482240676879883,0.9642610549926758
3,16,10,3.0,60.0,64,0.0005,128,0.99,2.0,0.14765958487987518,0.9405714869499207,0.1862405240535736,0.9296875
3,16,10,3.0,60.0,64,0.0005,256,0.97,1.0,0.1962842047214508,0.9264476895332336,0.2493174821138382,0.9118055701255798
3,16,10,3.0,60.0,64,0.0005,256,0.99,1.0,0.1227673813700676,0.95388263463974,0.21466360986232758,0.9407652616500854
3,16,10,3.0,60.0,64,0.0005,256,0.97,1.5,0.08113346993923187,0.975894570350647,0.15822604298591614,0.9623697996139526
3,16,10,3.0,60.0,64,0.0005,256,0.99,1.5,0.0604846216738224,0.9812045693397522,0.08741530030965805,0.9735449552536011
3,16,10,3.0,60.0,64,0.0005,256,0.97,2.0,0.07241341471672058,0.9740694165229797,0.09568196535110474,0.9688029885292053
3,16,10,3.0,60.0,64,0.0005,256,0.99,2.0,0.058408234268426895,0.9766309261322021,0.10685431957244873,0.9659090638160706
3,16,10,3.0,60.0,64,0.001,128,0.97,1.0,0.22536540031433105,0.9035952091217041,0.2680964767932892,0.8920138478279114
3,16,10,3.0,60.0,64,0.001,128,0.99,1.0,0.1229516863822937,0.9535959959030151,0.1773415058851242,0.9420139789581299
3,16,10,3.0,60.0,64,0.001,128,0.97,1.5,0.14895103871822357,0.9433252215385437,0.18207882344722748,0.9329392910003662
3,16,10,3.0,60.0,64,0.001,128,0.99,1.5,0.07126209139823914,0.973301112651825,0.12287578731775284,0.9594501256942749
3,16,10,3.0,60.0,64,0.001,128,0.97,2.0,0.05989796668291092,0.983124315738678,0.10014905035495758,0.9750859141349792
3,16,10,3.0,60.0,64,0.001,128,0.99,2.0,0.05150012671947479,0.9838752150535583,0.17030289769172668,0.9539520144462585
3,16,10,3.0,60.0,64,0.001,256,0.97,1.0,0.12006324529647827,0.9548153877258301,0.1894088089466095,0.9425268173217773
3,16,10,3.0,60.0,64,0.001,256,0.99,1.0,0.054161377251148224,0.9789435267448425,0.07345103472471237,0.9751798510551453
3,16,10,3.0,60.0,64,0.001,256,0.97,1.5,0.2133093625307083,0.9140641093254089,0.2887396514415741,0.8881104588508606
3,16,10,3.0,60.0,64,0.001,256,0.99,1.5,0.05015929788351059,0.9816945195198059,0.17272190749645233,0.9587031602859497
3,16,10,3.0,60.0,64,0.001,256,0.97,2.0,0.10729322582483292,0.9574821591377258,0.19540636241436005,0.9486110210418701
3,16,10,3.0,60.0,64,0.001,256,0.99,2.0,0.042679790407419205,0.9868327379226685,0.09765341132879257,0.9712105989456177
3,16,10,3.0,60.0,128,0.0005,128,0.97,1.0,0.23429161310195923,0.8985884189605713,0.23110660910606384,0.8966782689094543
3,16,10,3.0,60.0,128,0.0005,128,0.99,1.0,0.19635075330734253,0.9309006929397583,0.1972622126340866,0.9329350590705872
3,16,10,3.0,60.0,128,0.0005,128,0.97,1.5,0.21043331921100616,0.9191154837608337,0.2395137995481491,0.9087837934494019
3,16,10,3.0,60.0,128,0.0005,128,0.99,1.5,0.17528481781482697,0.9353163838386536,0.19836054742336273,0.9247424006462097
3,16,10,3.0,60.0,128,0.0005,128,0.97,2.0,0.16829527914524078,0.9390488862991333,0.15235847234725952,0.934615433216095
3,16,10,3.0,60.0,128,0.0005,128,0.99,2.0,0.19432035088539124,0.9235122799873352,0.21954351663589478,0.9076511263847351
3,16,10,3.0,60.0,128,0.0005,256,0.97,1.0,0.2037048637866974,0.9203216433525085,0.21069054305553436,0.9140841364860535
3,16,10,3.0,60.0,128,0.0005,256,0.99,1.0,0.16728979349136353,0.9295729398727417,0.21087734401226044,0.9189985394477844
3,16,10,3.0,60.0,128,0.0005,256,0.97,1.5,0.08621455729007721,0.9667936563491821,0.11884036660194397,0.9599334597587585
3,16,10,3.0,60.0,128,0.0005,256,0.99,1.5,0.13880158960819244,0.9496335387229919,0.22201555967330933,0.9255642294883728
3,16,10,3.0,60.0,128,0.0005,256,0.97,2.0,0.19637231528759003,0.9233015775680542,0.21238094568252563,0.912811279296875
3,16,10,3.0,60.0,128,0.0005,256,0.99,2.0,0.07809995859861374,0.9730592966079712,0.12719593942165375,0.9593858122825623
3,16,10,3.0,60.0,128,0.001,128,0.97,1.0,0.14717014133930206,0.9524360299110413,0.17519420385360718,0.9467014670372009
3,16,10,3.0,60.0,128,0.001,128,0.99,1.0,0.11594067513942719,0.9616503119468689,0.14785009622573853,0.9483107328414917
3,16,10,3.0,60.0,128,0.001,128,0.97,1.5,0.1880115568637848,0.9336372017860413,0.22334568202495575,0.9201364517211914
3,16,10,3.0,60.0,128,0.001,128,0.99,1.5,0.1341249644756317,0.948782205581665,0.1568247526884079,0.9403780102729797
3,16,10,3.0,60.0,128,0.001,128,0.97,2.0,0.15137188136577606,0.942366361618042,0.27254146337509155,0.9141343235969543
3,16,10,3.0,60.0,128,0.001,128,0.99,2.0,0.0856601670384407,0.9701707363128662,0.1515665501356125,0.9522185325622559
3,16,10,3.0,60.0,128,0.001,256,0.97,1.0,0.20950552821159363,0.9158472418785095,0.27960526943206787,0.9030511975288391
3,16,10,3.0,60.0,128,0.001,256,0.99,1.0,0.2383115440607071,0.9040967226028442,0.26330581307411194,0.8908108472824097
3,16,10,3.0,60.0,128,0.001,256,0.97,1.5,0.2193724364042282,0.9068201780319214,0.2615574896335602,0.8819525837898254
3,16,10,3.0,60.0,128,0.001,256,0.99,1.5,0.6832465529441833,0.5442036986351013,0.6843056678771973,0.5445803999900818
3,16,10,3.0,60.0,128,0.001,256,0.97,2.0,0.16426949203014374,0.931261420249939,0.19066449999809265,0.9189003109931946
3,16,10,3.0,60.0,128,0.001,256,0.99,2.0,0.040426503866910934,0.9877582788467407,0.10416348278522491,0.974911093711853
5,4,10,3.0,60.0,32,0.0005,128,0.97,1.0,0.10307956486940384,0.9638677835464478,0.1553996205329895,0.9460854530334473
5,4,10,3.0,60.0,32,0.0005,128,0.99,1.0,0.11430420726537704,0.9557422399520874,0.16030177474021912,0.9520832896232605
5,4,10,3.0,60.0,32,0.0005,128,0.97,1.5,0.11066301167011261,0.9625564217567444,0.19907717406749725,0.9478040933609009
5,4,10,3.0,60.0,32,0.0005,128,0.99,1.5,0.15382638573646545,0.9440186023712158,0.22528015077114105,0.9204860329627991
5,4,10,3.0,60.0,32,0.0005,128,0.97,2.0,0.16779695451259613,0.9327852129936218,0.20707008242607117,0.9290210008621216
5,4,10,3.0,60.0,32,0.0005,128,0.99,2.0,0.09282750636339188,0.966754674911499,0.16464412212371826,0.9436397552490234
5,4,10,3.0,60.0,32,0.0005,256,0.97,1.0,0.10454166680574417,0.9627178311347961,0.08954339474439621,0.9710701107978821
5,4,10,3.0,60.0,32,0.0005,256,0.99,1.0,0.13438573479652405,0.9487703442573547,0.182992085814476,0.9340909123420715
5,4,10,3.0,60.0,32,0.0005,256,0.97,1.5,0.04806221276521683,0.9854230880737305,0.0783354714512825,0.9791233539581299
5,4,10,3.0,60.0,32,0.0005,256,0.99,1.5,0.030831361189484596,0.9899041652679443,0.09202460944652557,0.975618302822113
5,4,10,3.0,60.0,32,0.0005,256,0.97,2.0,0.07101546227931976,0.9751020073890686,0.12005812674760818,0.9704394936561584
5,4,10,3.0,60.0,32,0.0005,256,0.99,2.0,0.018328500911593437,0.99537593126297,0.15406501293182373,0.9724637269973755
5,4,10,3.0,60.0,32,0.001,128,0.97,1.0,0.14058122038841248,0.9494815468788147,0.16498658061027527,0.9463919401168823
5,4,10,3.0,60.0,32,0.001,128,0.99,1.0,0.12081258744001389,0.9533560872077942,0.1980191320180893,0.9366907477378845
5,4,10,3.0,60.0,32,0.001,128,0.97,1.5,0.04575891047716141,0.9857550859451294,0.12483026087284088,0.9690647125244141
5,4,10,3.0,60.0,32,0.001,128,0.99,1.5,0.14186525344848633,0.9452791810035706,0.23835760354995728,0.9160143136978149
5,4,10,3.0,60.0,32,0.001,128,0.97,2.0,0.03831055760383606,0.9874100685119629,0.09843182563781738,0.9734375476837158
5,4,10,3.0,60.0,32,0.001,128,0.99,2.0,0.01797056384384632,0.9960755705833435,0.10396112501621246,0.9720280766487122
5,4,10,3.0,60.0,32,0.001,256,0.97,1.0,0.6814561486244202,0.5510356426239014,0.6896231174468994,0.5030928254127502
5,4,10,3.0,60.0,32,0.001,256,0.99,1.0,0.6858648657798767,0.5543503761291504,0.6812168955802917,0.5651245713233948
5,4,10,3.0,60.0,32,0.001,256,0.97,1.5,0.10417824983596802,0.9657812714576721,0.16253863275051117,0.947260320186615
5,4,10,3.0,60.0,32,0.001,256,0.99,1.5,0.036122653633356094,0.987503170967102,0.1138799712061882,0.9780436754226685
5,4,10,3.0,60.0,32,0.001,256,0.97,2.0,0.06883344054222107,0.9755071997642517,0.11297451704740524,0.968074381351471
5,4,10,3.0,60.0,32,0.001,256,0.99,2.0,0.006778350565582514,0.9977657794952393,0.04249707981944084,0.9908933639526367
5,4,10,3.0,60.0,64,0.0005,128,0.97,1.0,0.13556857407093048,0.9468140006065369,0.1785440295934677,0.9336298108100891
5,4,10,3.0,60.0,64,0.0005,128,0.99,1.0,0.13116371631622314,0.9518666863441467,0.18335598707199097,0.9404436349868774
5,4,10,3.0,60.0,64,0.0005,128,0.97,1.5,0.13931171596050262,0.9491650462150574,0.25556236505508423,0.916151225566864
5,4,10,3.0,60.0,64,0.0005,128,0.99,1.5,0.15667781233787537,0.9398448467254639,0.19111321866512299,0.9347221851348877
5,4,10,3.0,60.0,64,0.0005,128,0.97,2.0,0.20510901510715485,0.9170671105384827,0.24131827056407928,0.9041367173194885
5,4,10,3.0,60.0,64,0.0005,128,0.99,2.0,0.11124373227357864,0.9586653709411621,0.1762998402118683,0.9373666644096375
5,4,10,3.0,60.0,64,0.0005,256,0.97,1.0,0.17881904542446136,0.9291124939918518,0.2626062333583832,0.910295307636261
5,4,10,3.0,60.0,64,0.0005,256,0.99,1.0,0.04829929769039154,0.982389509677887,0.05655144527554512,0.9849687814712524
5,4,10,3.0,60.0,64,0.0005,256,0.97,1.5,0.06583050638437271,0.9783172011375427,0.11515539139509201,0.9680635929107666
5,4,10,3.0,60.0,64,0.0005,256,0.99,1.5,0.024566926062107086,0.9925176501274109,0.05302442982792854,0.9869416356086731
5,4,10,3.0,60.0,64,0.0005,256,0.97,2.0,0.15174071490764618,0.9393442869186401,0.23789358139038086,0.9215034246444702
5,4,10,3.0,60.0,64,0.0005,256,0.99,2.0,0.03351151570677757,0.989936351776123,0.13960905373096466,0.9618054628372192
5,4,10,3.0,60.0,64,0.001,128,0.97,1.0,0.1413828730583191,0.9477238655090332,0.17135338485240936,0.9369257688522339
5,4,10,3.0,60.0,64,0.001,128,0.99,1.0,0.10913332551717758,0.958572506904602,0.15708041191101074,0.9491409063339233
5,4,10,3.0,60.0,64,0.001,128,0.97,1.5,0.09902665764093399,0.9647441506385803,0.15148985385894775,0.9496377110481262
5,4,10,3.0,60.0,64,0.001,128,0.99,1.5,0.0942024439573288,0.966927707195282,0.13414549827575684,0.9588736295700073
5,4,10,3.0,60.0,64,0.001,128,0.97,2.0,0.10618342459201813,0.9603344202041626,0.1478966474533081,0.9482013583183289
5,4,10,3.0,60.0,64,0.001,128,0.99,2.0,0.08246085047721863,0.9713721871376038,0.12939903140068054,0.9542229175567627
5,4,10,3.0,60.0,64,0.001,256,0.97,1.0,0.6827104091644287,0.5671116709709167,0.6807190775871277,0.5617753267288208
5,4,10,3.0,60.0,64,0.001,256,0.99,1.0,0.312723308801651,0.8598100543022156,0.331301748752594,0.8435316681861877
5,4,10,3.0,60.0,64,0.001,256,0.97,1.5,0.10564276576042175,0.9622978568077087,0.14115290343761444,0.9506873488426208
5,4,10,3.0,60.0,64,0.001,256,0.99,1.5,0.012563597410917282,0.9974586367607117,0.026715010404586792,0.9961130619049072
5,4,10,3.0,60.0,64,0.001,256,0.97,2.0,0.04088960587978363,0.9858336448669434,0.13346441090106964,0.9710246920585632
5,4,10,3.0,60.0,64,0.001,256,0.99,2.0,0.03505919128656387,0.9884495735168457,0.11412479728460312,0.9692954421043396
5,4,10,3.0,60.0,128,0.0005,128,0.97,1.0,0.1762014776468277,0.9376192688941956,0.24922232329845428,0.921024739742279
5,4,10,3.0,60.0,128,0.0005,128,0.99,1.0,0.19778357446193695,0.9256546497344971,0.2091781347990036,0.9297782778739929
5,4,10,3.0,60.0,128,0.0005,128,0.97,1.5,0.2371077686548233,0.8987370133399963,0.2828250527381897,0.8951437473297119
5,4,10,3.0,60.0,128,0.0005,128,0.99,1.5,0.20229358971118927,0.9215302467346191,0.2074182629585266,0.916608452796936
5,4,10,3.0,60.0,128,0.0005,128,0.97,2.0,0.20112338662147522,0.9177988171577454,0.22704657912254333,0.9106006622314453
5,4,10,3.0,60.0,128,0.0005,128,0.99,2.0,0.1155058741569519,0.9600794911384583,0.17873358726501465,0.9375874996185303
5,4,10,3.0,60.0,128,0.0005,256,0.97,1.0,0.18909713625907898,0.9239116907119751,0.27097901701927185,0.8872097730636597
5,4,10,3.0,60.0,128,0.0005,256,0.99,1.0,0.1383085697889328,0.9495752453804016,0.19004571437835693,0.9353147149085999
5,4,10,3.0,60.0,128,0.0005,256,0.97,1.5,0.1184404194355011,0.9544430375099182,0.16761618852615356,0.9319788217544556
5,4,10,3.0,60.0,128,0.0005,256,0.99,1.5,0.13356612622737885,0.9513151049613953,0.16762256622314453,0.9390033483505249
5,4,10,3.0,60.0,128,0.0005,256,0.97,2.0,0.08647999912500381,0.9688973426818848,0.10392924398183823,0.9619045853614807
5,4,10,3.0,60.0,128,0.0005,256,0.99,2.0,0.07390138506889343,0.9732488393783569,0.18993715941905975,0.9562945365905762
5,4,10,3.0,60.0,128,0.001,128,0.97,1.0,0.17513509094715118,0.9348957538604736,0.19793705642223358,0.9276450276374817
5,4,10,3.0,60.0,128,0.001,128,0.99,1.0,0.2136760801076889,0.9141621589660645,0.23955222964286804,0.9057290554046631
5,4,10,3.0,60.0,128,0.001,128,0.97,1.5,0.15058408677577972,0.9383959174156189,0.16705670952796936,0.9338129758834839
5,4,10,3.0,60.0,128,0.001,128,0.99,1.5,0.11001361161470413,0.9568383097648621,0.14755582809448242,0.9446181058883667
5,4,10,3.0,60.0,128,0.001,128,0.97,2.0,0.11145743727684021,0.9621771574020386,0.1407892107963562,0.9527972936630249
5,4,10,3.0,60.0,128,0.001,128,0.99,2.0,0.16113732755184174,0.936586856842041,0.23710262775421143,0.923665463924408
5,4,10,3.0,60.0,128,0.001,256,0.97,1.0,0.6802412867546082,0.5612397193908691,0.6807312369346619,0.559790313243866
5,4,10,3.0,60.0,128,0.001,256,0.99,1.0,0.21781881153583527,0.9092950820922852,0.2591340243816376,0.9014652371406555
5,4,10,3.0,60.0,128,0.001,256,0.97,1.5,0.11816969513893127,0.9591159820556641,0.15760275721549988,0.9431272745132446
5,4,10,3.0,60.0,128,0.001,256,0.99,1.5,0.16586492955684662,0.9398590922355652,0.24021869897842407,0.9203237891197205
5,4,10,3.0,60.0,128,0.001,256,0.97,2.0,0.10779019445180893,0.9570142030715942,0.18075846135616302,0.9354255795478821
5,4,10,3.0,60.0,128,0.001,256,0.99,2.0,0.05003552883863449,0.9837649464607239,0.14181804656982422,0.9643357396125793
5,16,10,3.0,60.0,32,0.0005,128,0.97,1.0,0.13392992317676544,0.9518564343452454,0.16221721470355988,0.9498264789581299
5,16,10,3.0,60.0,32,0.0005,128,0.99,1.0,0.19041329622268677,0.9271324872970581,0.2023427039384842,0.9342905879020691
5,16,10,3.0,60.0,32,0.0005,128,0.97,1.5,0.15019665658473969,0.9383111000061035,0.2050919234752655,0.9190475940704346
5,16,10,3.0,60.0,32,0.0005,128,0.99,1.5,0.17910991609096527,0.9347735047340393,0.24222703278064728,0.9141609072685242
5,16,10,3.0,60.0,32,0.0005,128,0.97,2.0,0.10978597402572632,0.9602668881416321,0.21164555847644806,0.9456597566604614
5,16,10,3.0,60.0,32,0.0005,128,0.99,2.0,0.09302196651697159,0.9635103344917297,0.1609129160642624,0.9461131691932678
5,16,10,3.0,60.0,32,0.0005,256,0.97,1.0,0.11565771698951721,0.9546365141868591,0.15058933198451996,0.9356138706207275
5,16,10,3.0,60.0,32,0.0005,256,0.99,1.0,0.08029764890670776,0.9713332653045654,0.1926705241203308,0.9543508291244507
5,16,10,3.0,60.0,32,0.0005,256,0.97,1.5,0.08501837402582169,0.970509946346283,0.1465037316083908,0.9563801884651184
5,16,10,3.0,60.0,32,0.0005,256,0.99,1.5,0.008099598810076714,0.9980441927909851,0.07063139975070953,0.9904593229293823
5,16,10,3.0,60.0,32,0.0005,256,0.97,2.0,0.031128428876399994,0.9915504455566406,0.07036269456148148,0.9844710230827332
5,16,10,3.0,60.0,32,0.0005,256,0.99,2.0,0.030460121110081673,0.9919591546058655,0.13142205774784088,0.9642086029052734
5,16,10,3.0,60.0,32,0.001,128,0.97,1.0,0.1099458783864975,0.9564200043678284,0.1180046945810318,0.9577339291572571
5,16,10,3.0,60.0,32,0.001,128,0.99,1.0,0.3197697401046753,0.8619807362556458,0.3590255677700043,0.8599388003349304
5,16,10,3.0,60.0,32,0.001,128,0.97,1.5,0.10757195949554443,0.9659463763237,0.1505746692419052,0.9605035781860352
5,16,10,3.0,60.0,32,0.001,128,0.99,1.5,0.04324335232377052,0.9849459528923035,0.11537276208400726,0.9655476808547974
5,16,10,3.0,60.0,32,0.001,128,0.97,2.0,0.10191211104393005,0.9658575057983398,0.16514499485492706,0.9473498463630676
5,16,10,3.0,60.0,32,0.001,128,0.99,2.0,0.028987105935811996,0.9925599694252014,0.15682847797870636,0.9666077494621277
5,16,10,3.0,60.0,32,0.001,256,0.97,1.0,0.6848055124282837,0.5553128123283386,0.6816700100898743,0.5537102222442627
5,16,10,3.0,60.0,32,0.001,256,0.99,1.0,0.6838691234588623,0.5491369366645813,0.6938027739524841,0.525085985660553
5,16,10,3.0,60.0,32,0.001,256,0.97,1.5,0.05216682702302933,0.9812416434288025,0.09856201708316803,0.9705072045326233
5,16,10,3.0,60.0,32,0.001,256,0.99,1.5,0.009107410907745361,0.9972458481788635,0.05007879063487053,0.9900350570678711
5,16,10,3.0,60.0,32,0.001,256,0.97,2.0,0.020526641979813576,0.9920570850372314,0.03355902060866356,0.9883161783218384
5,16,10,3.0,60.0,32,0.001,256,0.99,2.0,0.050232138484716415,0.9878196716308594,0.17348508536815643,0.9618880152702332
5,16,10,3.0,60.0,64,0.0005,128,0.97,1.0,0.1468154937028885,0.9462210536003113,0.1832379698753357,0.9369257688522339
5,16,10,3.0,60.0,64,0.0005,128,0.99,1.0,0.17420032620429993,0.9392052292823792,0.22485220432281494,0.9160140752792358
5,16,10,3.0,60.0,64,0.0005,128,0.97,1.5,0.1803010106086731,0.9364086985588074,0.20928750932216644,0.9249141812324524
5,16,10,3.0,60.0,64,0.0005,128,0.99,1.5,0.15908057987689972,0.9420041441917419,0.19898256659507751,0.925844669342041
5,16,10,3.0,60.0,64,0.0005,128,0.97,2.0,0.11485161632299423,0.9593693614006042,0.19228661060333252,0.9454392194747925
5,16,10,3.0,60.0,64,0.0005,128,0.99,2.0,0.20683057606220245,0.9111002087593079,0.28496095538139343,0.8833333849906921
5,16,10,3.0,60.0,64,0.0005,256,0.97,1.0,0.14940698444843292,0.9410382509231567,0.1772615611553192,0.9323676228523254
5,16,10,3.0,60.0,64,0.0005,256,0.99,1.0,0.1092459112405777,0.9617857336997986,0.2038687765598297,0.9336486458778381
5,16,10,3.0,60.0,64,0.0005,256,0.97,1.5,0.12657098472118378,0.954338550567627,0.15105965733528137,0.9421795606613159
5,16,10,3.0,60.0,64,0.0005,256,0.99,1.5,0.08736911416053772,0.9664958715438843,0.09729384630918503,0.9640569090843201
5,16,10,3.0,60.0,64,0.0005,256,0.97,2.0,0.0718999058008194,0.9753257036209106,0.08751895278692245,0.9729244112968445
5,16,10,3.0,60.0,64,0.0005,256,0.99,2.0,0.04298125207424164,0.9864698648452759,0.0979788675904274,0.9676476120948792
5,16,10,3.0,60.0,64,0.001,128,0.97,1.0,0.13933099806308746,0.9449825286865234,0.1688268929719925,0.9361774325370789
5,16,10,3.0,60.0,64,0.001,128,0.99,1.0,0.20401467382907867,0.9150895476341248,0.23015515506267548,0.9161555171012878
5,16,10,3.0,60.0,64,0.001,128,0.97,1.5,0.10521368682384491,0.9617378115653992,0.15485884249210358,0.9470837116241455
5,16,10,3.0,60.0,64,0.001,128,0.99,1.5,0.03863803297281265,0.9887101650238037,0.08507630974054337,0.9762799143791199
5,16,10,3.0,60.0,64,0.001,128,0.97,2.0,0.15977118909358978,0.9411585927009583,0.20863378047943115,0.9237762689590454
5,16,10,3.0,60.0,64,0.001,128,0.99,2.0,0.08124563843011856,0.9728388786315918,0.17102299630641937,0.9443299770355225
5,16,10,3.0,60.0,64,0.001,256,0.97,1.0,0.6898213624954224,0.5354283452033997,0.6896374821662903,0.5147841572761536
5,16,10,3.0,60.0,64,0.001,256,0.99,1.0,0.1288231909275055,0.9582711458206177,0.17507044970989227,0.9515464901924133
5,16,10,3.0,60.0,64,0.001,256,0.97,1.5,0.0883723571896553,0.9642112851142883,0.1723233461380005,0.9480903148651123
5,16,10,3.0,60.0,64,0.001,256,0.99,1.5,0.021896012127399445,0.9934102296829224,0.09063079208135605,0.9839045405387878
5,16,10,3.0,60.0,64,0.001,256,0.97,2.0,0.055404748767614365,0.9795042276382446,0.1375669687986374,0.9564749002456665
5,16,10,3.0,60.0,64,0.001,256,0.99,2.0,0.027781670913100243,0.990856409072876,0.12321283668279648,0.9696043729782104
5,16,10,3.0,60.0,128,0.0005,128,0.97,1.0,0.20897337794303894,0.9099653363227844,0.21301421523094177,0.9157716631889343
5,16,10,3.0,60.0,128,0.0005,128,0.99,1.0,0.22482392191886902,0.9151703119277954,0.28120067715644836,0.9068904519081116
5,16,10,3.0,60.0,128,0.0005,128,0.97,1.5,0.23341494798660278,0.9006474614143372,0.2680228352546692,0.8763250112533569
5,16,10,3.0,60.0,128,0.0005,128,0.99,1.5,0.21316692233085632,0.9117112159729004,0.25386062264442444,0.8947916030883789
5,16,10,3.0,60.0,128,0.0005,128,0.97,2.0,0.2707955539226532,0.8889715671539307,0.33312156796455383,0.8722421526908875
5,16,10,3.0,60.0,128,0.0005,128,0.99,2.0,0.18248774111270905,0.928934633731842,0.23319151997566223,0.9100682139396667
5,16,10,3.0,60.0,128,0.0005,256,0.97,1.0,0.10369899868965149,0.9635257720947266,0.17541980743408203,0.9610322117805481
5,16,10,3.0,60.0,128,0.0005,256,0.99,1.0,0.1250726878643036,0.9525923132896423,0.17671632766723633,0.9325284361839294
5,16,10,3.0,60.0,128,0.0005,256,0.97,1.5,0.10636170208454132,0.9633861780166626,0.15820008516311646,0.9350410103797913
5,16,10,3.0,60.0,128,0.0005,256,0.99,1.5,0.16713625192642212,0.9411355257034302,0.22718976438045502,0.9230132102966309
5,16,10,3.0,60.0,128,0.0005,256,0.97,2.0,0.11994560062885284,0.9548404216766357,0.20639203488826752,0.9356890320777893
5,16,10,3.0,60.0,128,0.0005,256,0.99,2.0,0.10759548097848892,0.9635374546051025,0.1918194591999054,0.9334852695465088
5,16,10,3.0,60.0,128,0.001,128,0.97,1.0,0.3694514334201813,0.8430318236351013,0.4001048505306244,0.8266950249671936
5,16,10,3.0,60.0,128,0.001,128,0.99,1.0,0.24525262415409088,0.8985721468925476,0.260187029838562,0.8994662761688232
5,16,10,3.0,60.0,128,0.001,128,0.97,1.5,0.10227151960134506,0.9665159583091736,0.2177591770887375,0.9449652433395386
5,16,10,3.0,60.0,128,0.001,128,0.99,1.5,0.10340511053800583,0.9628040194511414,0.1305534541606903,0.9603148698806763
5,16,10,3.0,60.0,128,0.001,128,0.97,2.0,0.18135176599025726,0.9221307039260864,0.23353606462478638,0.9110140204429626
5,16,10,3.0,60.0,128,0.001,128,0.99,2.0,0.07642105966806412,0.9723122119903564,0.1521519124507904,0.9451388120651245
5,16,10,3.0,60.0,128,0.001,256,0.97,1.0,0.6862319707870483,0.5470483899116516,0.6891123652458191,0.5015900731086731
5,16,10,3.0,60.0,128,0.001,256,0.99,1.0,0.2815765142440796,0.8834751844406128,0.2602943181991577,0.8917831778526306
5,16,10,3.0,60.0,128,0.001,256,0.97,1.5,0.10128934681415558,0.9620121121406555,0.1855752170085907,0.9402172565460205
5,16,10,3.0,60.0,128,0.001,256,0.99,1.5,0.020784102380275726,0.9941256046295166,0.049876511096954346,0.9893470406532288
5,16,10,3.0,60.0,128,0.001,256,0.97,2.0,0.24416014552116394,0.9024016857147217,0.2612918019294739,0.8971460461616516
5,16,10,3.0,60.0,128,0.001,256,0.99,2.0,0.033081140369176865,0.9904301762580872,0.12132197618484497,0.972261369228363
